176.07257273317765,171.31846608951017,9.54817400670193,149.98498533572564,171.54348961815802,82.87902729575087
176.07257273317765,171.31846608951017,9.54817400670193,149.98498533572564,171.54348961815802,82.87902729575087
176.45821132360842,176.6170571992389,100.98711667992482,149.75611414590185,178.50284988054,84.06076754696053
176.45772118589556,176.61694349458182,100.97374178677504,149.7580996291805,178.50291489590225,84.060399433989
176.6878522643107,176.1546068399092,41.41373707546698,154.85176529028732,167.07063858231308,85.71390959436314
176.69005402183618,176.1525819001337,41.33041225546545,154.84770063133712,167.06840095777986,85.71461667164729
177.3903902465391,176.19774786118072,16.766355481790704,155.01435955826352,166.8265740363519,86.53248455358707
177.39302809274412,176.19621673513922,16.726488108342206,155.01286118834656,166.82551137709626,86.53274651402172
178.55356777933235,169.81624725443172,19.740535943575757,150.27421198393702,172.10443935745286,85.13712959670873
178.55261361612136,169.81675030662177,19.754003319820995,150.2801236477929,172.10598665583382,85.13571704350166
176.80665473800605,169.2351735243989,1.4878618444055591,150.91801977649598,170.48772750150985,80.17295911988981
176.80749842617894,169.23476880470145,1.4853630739558432,150.91646366662786,170.4869635826595,80.17350751409293
178.54720997909706,172.00362085768887,16.829255569118853,150.84270448388673,175.28641927659592,81.34639903935918
178.54590323513656,172.0009176774123,16.920301780277153,150.8350509180069,175.28370259087717,81.34931683790089
177.9785491689699,171.7570697390145,4.32575811332843,150.2640847585954,177.1689651013925,77.4261492433731
177.97847128257004,171.75708460308311,4.323810446622549,150.26553624187892,177.16918489500281,77.42526989176723
177.81551220484783,174.29484389768086,3.5347723003343194,151.95720380390202,177.94975428197384,78.22019261149134
177.8168152236603,174.2951120180479,3.509976624033451,151.96027553227105,177.94984920977706,78.21854884942339
177.53935673051396,178.0191333638032,117.58523053462397,153.07830008713657,174.37033410734855,81.92432950965797
177.0249060437963,177.46833356567942,101.2320651105423,152.07088174870236,176.27079841147057,79.26410481368268
176.9378356076116,178.4829701182985,177.1460643461737,150.49345791725688,176.39279134716148,80.5880525835113
176.53683330163588,177.96753452374787,115.1000557319175,152.5652018569813,170.9914944543603,78.85830314091638
176.3575236856031,177.67185414624058,144.2416233363238,151.08685028710676,177.09350330674198,78.21023496391679
176.17995525687255,178.4708776832363,130.964280195195,152.61377040813483,175.61824647381266,80.75972240960148
175.17466446104115,177.35891639577972,106.41578787297473,153.2283335455119,177.32762405119018,76.40920327683541
175.9994368694324,177.37046577451602,121.64123954986793,152.92342895806732,176.53405291666883,79.68205354409037
176.36839134092864,178.72133465821443,161.01953077311666,152.78614487225624,175.5117377102396,86.53830292795841
176.47729346735056,179.58741626304675,157.01370945448923,153.4157747686531,177.0301606516872,82.75958119140353
176.32523816771408,178.9969934224815,131.96971672898536,152.92296133911367,178.65138634067154,80.38610167521219
175.72162293663004,178.59201827964287,127.84915018673182,153.1196405885019,178.6255729899453,78.52542515988124
176.6022876255952,177.83716093327152,131.10971145359034,151.59497817779405,178.36053868430278,81.21512326602519
176.0226599872658,174.86330742595823,66.75394273277263,151.14178470175818,176.18169424542162,74.99183507426694
176.37437335939146,177.10692188266253,133.98857908866356,151.49326771289344,177.86284187483753,79.93246171446894
176.7438153656875,176.71713215702698,64.18348839362277,151.95544403008506,178.6088433401038,75.7261619513985
177.29684784813327,176.63912416383664,6.3034525213083175,152.0055758581478,177.61658951903598,79.92297222753821
177.7741845868424,177.79955171877648,140.72315243239564,153.09631257678427,178.406490502059,80.26704281803146
176.23591803724514,177.3615668876194,141.37381786713843,151.41793685594476,177.9464222315257,80.0172292072667
176.52681538425438,177.40888486597865,156.99800681661748,152.88143964005818,176.44788104511113,82.24672877726766
177.04944312087653,175.8667668923143,81.38154282073552,153.16133960706122,177.15788480373183,80.53604831654485
177.21852076546497,177.59024394091168,133.89650867993163,153.51736473695283,176.1336218451632,84.17138343262863
177.11892566348055,176.1790584850511,80.02946940912898,152.50087352258134,176.49471223538805,80.40673656405495
177.660897165517,177.1198546974563,59.582862183865,152.68767502652045,178.73694027954218,83.27556788081986
177.81517348569008,176.7072956452612,45.59157905673978,151.69459149266552,178.9811604733593,80.46438582316449
177.81502430719527,177.11515519676271,30.51198359552547,151.84107747517282,178.76469649323843,83.66884640641848
177.6339939696948,175.75038973325198,32.17633029147676,152.3626397921895,173.91776533212294,85.4547116399615
177.28175922319298,176.4737267324218,15.846423173773244,152.97354987684005,179.1005962622704,82.99187461672726
176.94867834163037,175.87937113213036,4.620528417333795,152.52766107346247,177.839345702703,79.77956450005094
176.8525497447428,175.406228213387,36.016057443980195,151.12802520020125,179.0816383924998,81.0789959661765
176.23650973464387,177.00312940832302,109.77762022159207,151.40350602390396,176.41424437843634,80.89730361333241
176.04176349751734,175.8197387902298,93.12202098846471,151.43275344778667,177.3236362143741,76.95543460713947
175.7908058502224,175.7550714091269,95.29485753458489,151.8597142457785,176.79146414294442,73.85997817973939
176.24180026423272,176.09306561589153,83.64982964989133,153.02244885646454,173.37483925360897,82.56430262446797
176.91772477208602,175.9718629403436,80.1003259827268,154.57099048226684,172.83650380695843,79.8489016087994
175.43153142316262,176.02067783378874,84.88405782429294,153.05500638683378,175.40351444636306,74.00252518126455
176.8506888438405,176.39815556748877,85.18087232436152,154.1419582404529,173.0960809025658,80.18558700765367
177.05608317801796,176.69106278950048,91.6285425677512,155.29699147957194,171.34494929903485,84.99766679037229
176.14182350336705,177.78923586555305,92.10096905462747,155.16110444940813,171.84371398923244,84.0076523223559
174.643266771327,176.9550389259995,78.7697487307336,154.0879318458817,175.14980194229204,78.2737879454514
174.59545896223239,176.23813601729955,81.52505198799572,153.47187555110983,175.8717702738077,76.33014932979975
174.34424990760448,177.12470198342672,84.67954111190926,153.44465827174207,176.7124873031508,74.4367672395713
174.11714221654185,176.9356271943662,84.74721378357373,152.95424495744908,177.00243759084861,71.87642602306472
174.0203248682589,176.58158114985494,87.72188893127733,151.95357255655176,177.5198600448228,71.30432934202875
174.60221503368365,176.44293110468533,96.57774158285659,151.48454949713013,176.66269870252395,72.5978473167572
175.1845857102088,176.66886599223832,110.27690010675282,150.8375687790094,176.67390522227618,73.61364945580033
172.12357728105098,176.82667699440756,100.74050562106895,149.06063509436154,176.84170226310536,75.94305182463476
172.06733733539411,175.41913807151457,91.470326317651,147.32515704773985,174.77755600822314,74.8282436706868
170.2925065820585,176.06107498937,82.42845694043527,143.47940657439963,175.68402568675864,80.34188638060107
164.62162238292163,176.44063111189786,80.43290641245153,143.6059992657497,169.11049021066037,85.07140006914557
164.80040864588767,176.05861078092965,94.74316673091141,139.99202277401056,171.0921439139798,87.06179284485464
158.92852736326452,172.73484877289647,99.2392191970949,134.12370195335276,161.0032165829351,91.32902279662683
150.55913558448523,172.72796014558654,96.67086617682605,125.94654493878924,158.2062719319576,95.9004630072533
133.97826605779179,172.60860715185896,96.00710861168123,122.9737792046683,155.61102592733866,102.22246870204387
133.08736290794445,163.2436716111657,101.94607163936156,121.88951602693137,150.5367877839855,104.65112800812055
135.11103390690366,164.21831477238845,100.51773013629274,122.15120268685524,151.39512079925208,102.5082533032107
130.50114200085702,162.48778851117387,98.38790087881868,120.73759405526184,155.1889183999328,97.16584765011481
128.14944484871938,164.46471032134977,96.89650955021425,116.92934185889929,152.0756224084759,97.99848681129986
122.99326568692571,154.76271485493368,101.40868954056893,116.00262350925051,161.95974876830203,91.42702947688686
146.35110054092135,169.36817914342748,102.24902799470807,116.06997760202482,166.261755147484,89.12489980971243
142.89199859300726,175.8153343793592,92.59311355529316,108.43206334121015,163.95294466886358,91.18859442185722
116.46407516270969,170.2852809510721,91.25265549691215,111.72199540488442,169.2087105604724,89.127609978666
139.148674256155,176.33349830878856,90.0045545918076,114.17188290681844,176.14260581935054,85.65760512424148
105.86786022390639,128.65887732816762,73.49057280562972,114.30862739649244,176.2374086914567,85.80562262025127
106.95604283644342,123.17427733954743,73.15251582215089,113.39711380640158,167.48054115976822,83.00406478255944
91.74379471851553,82.66408371590659,79.46714266532835,113.16913263959843,169.08771852528832,85.20891896094867
104.13098040564304,112.58677132866677,73.01816366828201,114.89860648150393,166.8690963352626,85.81336292088065
100.50925238490713,111.96950784398216,77.78733703505226,111.55539381908156,169.5202739292775,87.18895675468185
102.22725314872932,111.09794513622538,75.73841004799702,111.28443556268394,164.32042449248814,87.02983478460726
131.28802697592104,167.2344284580903,90.06407427946668,117.09048772046732,167.14960611128063,87.80585648932296
124.96126164761942,167.00221310886192,90.98361722881673,117.4573053538217,172.73014890746364,90.67659668287911
119.45840527934544,174.27663480920336,97.43078390076069,118.34266933274283,172.87587096857368,95.04759769453786
129.2279477794322,169.20334522964362,99.40367441939702,118.88863662012075,168.08287797035112,93.58099192410602
125.76452838751588,164.57943743239736,97.51763108420705,119.26274707609969,155.01765974753482,98.38636931519366
130.38599108648256,175.29990935927313,89.0592175819199,125.17118131877525,156.64241398260063,105.5733295939575
135.01350464413008,176.89489932702804,96.68836699583674,121.24281651108922,163.94148965237923,102.17330437879662
135.83823568484047,174.95488437796638,100.69906892451027,128.11895622835513,175.5508160482132,93.73957282444299
130.22921274449726,173.8166931016974,101.81428285198564,129.31308737252365,173.94620271418344,96.67884898484974
132.1514130563248,174.03232622112301,97.64306006648718,129.74474183461012,175.89185910329098,88.14688028281343
150.35437515818745,167.91484460326973,104.73903028682446,139.02669448136552,175.79692610720605,80.43456741905266
159.40172529685177,168.07174750390212,110.63661385175203,143.20665481881093,172.4190411414281,83.67652085901483
166.01250572573724,175.9303118676603,92.58323754890021,144.42332935883758,169.88294886574533,80.693488160023
166.01256335087035,176.54921859489596,93.86191581431947,145.75382681257,173.76058258822354,78.2010688780317
167.85694151590323,175.865820095201,89.04917942017201,148.43730173086888,176.450950954088,73.63293136795146
169.55210188525874,176.98992936292504,90.71821773517509,148.89899459367697,176.31168579889,75.84895678281553
170.93311577579888,176.44455189569265,90.08105962871733,151.0017354735673,175.77533370690972,73.29901967524435
172.28532188605212,177.00068328437075,101.76993471251903,152.16180426284538,176.15800573403828,65.12725787650187
173.42213900170455,174.8289596911777,78.84956416400158,152.31568062006247,175.2714663943117,63.29204259878886
174.49216125658322,175.93221810523457,82.45432211479222,152.86070934494026,175.70482889047136,65.33915379218399
175.4634791150058,175.79228981283018,89.49130809953748,153.1288418383024,175.17900621736874,66.1353493679525
174.29083753843005,176.4245391611483,85.77710622977284,152.7293008464406,176.5789816097182,68.52766059776614
176.6681840640238,175.8939765317185,100.92056095685228,149.49406009175257,175.48377252801248,77.80537267041511
173.4389113937866,176.33608783521825,104.85363062185762,147.77866522049914,174.6434052878189,74.01602035286652
172.25556823759914,176.06369750949773,91.24990793083569,146.85697989313783,175.85519496776303,80.04708999983107
169.33027771544235,178.1178374008156,96.79802320854417,143.8552900711593,172.39031763954392,83.9497884192558
164.93157597798793,178.05950141435838,90.1332213344277,143.26918411001273,168.08853044633423,89.08360240476325
158.83259279666646,173.42341043459206,106.43217915049712,136.10757955193563,168.32985812772253,90.81929033325042
152.27760755338463,172.22491938169614,106.41820506061767,126.46585428736114,160.43816741778585,96.99727464876183
138.97350503075876,175.21157412439558,89.9191376514924,121.5264184201922,163.79899871233897,98.13816858298502
139.03698147278428,174.30598173116437,98.44336339787084,118.27259919736221,143.86935354370416,110.06572939726527
134.6301202580227,171.41885664788137,100.10554806674463,117.64491204442784,162.8465730190891,96.35092877493305
129.6358256500669,176.44347508097292,92.29441135989845,116.52235957385692,159.64662696518394,97.58786187506158
131.66389552639416,171.73685103078049,97.6164488669355,112.97863060807316,168.375861121894,91.61483528624387
113.16774445257822,160.90306565054934,96.99117831694106,108.55415035197578,176.93150949380788,85.62781143315588
113.50905903205269,165.8868970878227,95.04857313704696,114.57110190377033,176.7626601965951,87.72866062999931
93.90434718074803,89.64843957139823,71.10489607676855,116.18724123390349,173.249107649843,89.49474415098305
115.37284604570908,165.3737156387859,97.0752634300592,115.05001364738249,171.58203812348597,91.8118686146452
134.41617266371546,174.52945982845443,91.97503361295813,114.64022911788113,173.31401786009374,88.06770345718215
105.75121700448261,176.8483482688709,90.88566476999571,114.28922519867453,176.9006916165527,87.77958734662127
109.0699596355827,174.2269381140189,94.9117924084234,114.19317595714296,172.8940189188211,87.83101113587414
117.6389776689662,168.3580310443213,89.36115485681638,114.82376029604401,174.7376875541601,88.59643444237146
118.23102001073863,172.6098029540796,92.30193150714192,115.99353105575783,172.51702457813786,87.97879754509731
153.57560955217525,165.37804693360908,74.59596646637675,113.99685020457038,169.9500330815445,85.7529895500175
128.81275116130087,175.20317354628176,92.25083774538471,111.01222186030961,169.2737574147345,85.38553012185218
133.90785731593036,176.0529171052659,94.07586242102741,105.78374009066519,171.1462790506957,85.24018672575838
114.95263654588715,165.63435552676165,96.87226311853132,116.548728867734,176.1908526483335,86.75730265433411
113.80021877746996,156.98165484126488,98.39400936279898,121.8956152040482,166.24266616505864,94.72488619795207
125.6699774704873,160.09688870466877,100.02229248031163,123.22259536778212,164.2201598944694,93.90658556544864
132.545698925774,175.48772373135665,90.7887623284913,121.08526045396849,155.77682078182374,99.58674376330278
134.6819457596287,168.11561252174468,99.33482231455008,120.73099003174617,145.15456067895624,108.52627696798199
133.4741495934565,159.97111818051326,104.25700088508493,122.62390994635605,151.2709089091268,101.69802289224661
132.5425733673454,163.32774697752367,104.67471532259106,124.72389423041842,158.80519069552545,101.31752105780077
134.0399058926854,164.53453012171562,102.90782198036169,126.48758107471517,168.2653596104211,93.91363630225088
137.54218879199013,168.348258212309,98.53477737146602,134.03062904878163,168.6052860990882,91.84252232281668
150.2674300477638,170.93081326994886,101.11072095872154,140.08055505677297,170.35162300038292,91.44731117161824
154.7516252381957,171.61632634490746,103.839265220851,141.92799133116372,174.9851750260238,83.94445221516334
159.49630010832604,175.7225391832454,99.49233308008819,142.83807946330043,176.3954608942327,81.6879486766073
162.65603980909484,175.0144957148082,99.82716352072843,144.09294860834663,175.3594147660325,78.2860857510038
166.0262169149365,177.53897382463626,84.74526790145704,146.5262418257666,177.77528157419758,76.18405979171962
167.90126167038161,176.87076148641071,95.44673724920078,147.15720903921647,176.62055693335503,75.46237995712043
168.4608546733445,177.12107582553563,94.3425560708395,149.4412420193986,176.98912295612584,71.76759579464411
173.26077249001395,177.573960392935,101.00918370536007,150.87436778630905,176.06480790523975,75.14229279031495
174.67107742841682,176.1765949098433,89.92640858759103,152.00577815117882,176.18666865720326,67.4198244857698
175.9161727675197,176.90714897670594,111.02047152759317,151.86101795195842,176.3164137669434,70.75031075769719
174.83450096333019,177.6867932530163,98.6671309345527,152.47759137989334,176.3778833260426,71.81823120202898
175.73914180963982,176.18904714951623,99.5971655882366,153.2298816969189,175.4628429203866,71.31849392485839
175.13761934332487,173.29209017001318,64.0347856192264,148.4475613092271,173.54563663529842,71.21657340507738
171.06149486400207,175.2403366513435,82.76642943541898,148.05351175183935,175.27518698736918,75.79015262168004
169.7357857930956,177.0457089661036,86.26701478887067,144.41232099550982,175.52617018518447,78.29500143962807
163.43127949879846,177.2836315642405,87.22531344750303,144.51978507748123,166.1277580571904,89.61511196644935
160.5269340810753,172.52833109571054,102.82770602081055,141.7342517780231,167.5084585519779,87.8669328486162
154.6348812406234,170.2836947491555,105.13391392887391,134.08560576101976,164.6470410693076,92.6446187072219
140.49565113500367,167.7944509196852,97.6979938502673,127.99929408786612,156.90589583160494,95.85346116815089
136.42054589095108,159.3499197598394,104.6223909592319,124.5782435854516,148.26306505558858,102.5738038797544
137.2246142863287,163.12627165877524,100.59824993048615,123.65727961922407,154.30059142438483,98.12099971365875
130.31446234320018,169.03178558076377,93.59237244427767,122.16530084009867,158.30298447605867,95.42259053001533
117.65314684718662,160.62819155384148,95.34689683521935,119.24503593974994,158.5196174021267,95.80626453496501
141.60639020967125,164.36563635527907,108.18230775962388,114.56926645608212,167.78210676678555,89.82481728264118
110.27331552422596,172.88478620963775,89.80803328992408,109.5059905933953,178.09590599398018,84.94603667836421
138.3606627264533,177.52690097236848,86.6929124145179,111.45348130360419,174.35063153010427,84.48663883638538
123.25705124592001,138.56602639909062,60.41984291428797,117.16320386610265,174.0353126464887,86.40503794383977
148.57900739624347,177.03272788372053,83.78187346251535,115.03404410120638,161.77222437116728,89.7029935955928
111.70801155418059,136.93856823162787,67.1247152043059,114.7141513825566,165.4249492746916,88.53058647767065
107.41109786298397,126.55296495627802,72.18333754391071,114.95781047729037,175.5019309196344,89.09776717876512
107.78294897446044,125.35820983345586,68.85348006814361,114.82475758175916,170.05908751025427,90.81776568154169
98.02293065099167,102.11900799481025,64.8310684432615,115.37234192698286,169.97916304902185,90.2093853596919
123.57213691275423,165.84159373696326,94.47227067156417,115.4979229498556,165.68025297500526,88.7157536687053
140.94164614560805,178.01120299013525,86.8129287471011,113.82156870619279,175.0245028073967,85.12246775570935
139.5724835084534,177.88934339031002,89.08490018623661,111.36192057716518,176.10625906701617,85.45247572084484
114.30821955401875,175.86084763570148,89.55136491254959,112.40180581671025,174.5917297422233,87.15581679131158
155.77285014729182,176.82185669359598,88.04904270467495,113.9871809814431,169.82846708223917,88.61761338692594
148.04304575479668,175.11915702993005,96.97368273636495,119.3148034678375,160.81599989021348,94.7438630611044
131.21829598350126,171.70235408440087,93.42216171074378,121.96943253923077,163.70377781165826,93.73448379095699
133.44879543174156,176.10171532936855,89.23983785210217,123.94232248422095,158.93092205636043,95.87761389661965
134.779934946477,165.84432057393747,96.49337124377035,122.06136981883417,138.54037564631602,109.30174339773322
137.85427093498626,174.35137803583333,90.34709707096837,124.19362294803823,147.69755939366868,103.51368755866591
134.98258613118077,162.39783093574033,97.86370566973712,126.6858675490398,144.66086720854045,106.28374927427686
136.02218499134807,164.14392300035576,102.72426547648608,127.87686371818148,169.64647214008454,90.9448065625107
145.31091898455642,172.9443276496719,97.75181641364962,134.81407138934196,172.46791763410442,89.5066671025827
149.27692954798727,171.18042536037177,102.34319281418772,140.0738475188284,174.89951508275615,85.50118793681017
155.78662217858425,173.5791355267919,97.53726361332858,143.33330061866485,174.12116204124447,83.38206849167143
161.741422239433,174.35503177805202,106.00662186229088,143.65275741004322,177.24751800111636,80.24892780275201
162.8310555682394,174.33661750297952,99.25893935006313,145.534965265483,176.14096092501939,77.41609240122699
162.62910714543665,175.92872302045592,99.41745439984115,148.47863392876877,176.61974903377813,78.12879993806098
166.67102210587134,177.4575175152271,90.94170592649034,146.767700816767,176.4714846721362,80.39069390673025
168.24836073047075,177.9770088661448,94.68712736686321,148.9853648640663,177.94340306213115,74.15877672981233
168.33764209668257,175.79367398459044,92.39088223108647,149.82993873382864,175.79553600669334,72.88350951533609
169.01876444648258,177.17733885658015,92.89822324990281,151.76164798549172,177.06459328114207,70.58771722154468
173.07607891940162,177.09785528396975,90.4072518874684,151.87124388782743,176.0446335845567,74.76234172151817
174.7915469386973,177.04097599420686,84.70163954666842,151.96665016831832,175.68596398602566,76.26536757734209
174.66241635399015,176.40458824486845,96.3465117439916,149.53585340508255,177.1207835608988,76.84437427901426
169.18841512569043,177.01785042258905,97.44538004574805,147.25207707343188,177.16248745183705,76.90970826943955
169.9180112845483,176.07172897750007,86.95741143190875,146.86309332570485,174.6144282980247,82.26646512417187
164.12782542903807,177.10605507453963,94.83366046602848,144.21661151932264,168.46443993556062,87.15909913972726
162.0910327417744,173.96669092331638,108.49339763905007,139.8837812225898,169.94812586159682,92.1103206079158
153.1332942359253,168.5435874912391,109.61430982921851,132.13066177317378,172.12437766930324,87.97364096065033
139.79465230100357,166.9853770422944,102.60199587650746,127.52457835031458,155.45150642033167,101.86798891186318
135.61714181761602,157.17229703908612,111.15538160350205,123.29962115943776,150.3023736253613,103.20461458509949
138.26478216463747,166.06908946109064,103.25022337521717,123.30306032915988,151.87417089536567,103.03918820098227
130.65823707200883,174.87086102424098,95.86050485737587,118.8533097822635,170.13730558006432,94.1505903496507
142.13918814220585,174.32739393395534,95.79887040840464,118.85758173689469,162.06364887752179,94.91866048880448
136.13030560369202,172.0080011074567,96.32227603160011,114.33629151584275,170.2536242452407,88.29864285359884
133.2322747738608,172.3595067112642,96.81975848352481,106.9833910199086,175.41518016183258,84.79412470089277
135.78358576145135,173.80242246612474,95.46831890603414,114.84117414794545,175.87325507551682,82.9853895872095
114.86595521131554,145.9318190155057,70.9527525009214,116.80169936530424,173.48986240372795,86.46357696000555
149.73424590845693,171.07984607474853,77.93372797376807,117.16984479761683,173.5994385463493,88.79128606601377
113.55351846084052,153.6024646180993,78.39205395103593,117.02118017154692,169.92591113187055,91.50332449327537
145.85661848677418,170.94936853301058,80.29273648464083,116.34222227002122,169.33116690452184,91.20113158652715
154.7095367751136,170.93794795350772,76.08553120914628,115.80572244667387,166.9903833336302,90.97776991689476
150.55936483519602,172.18659227596683,81.97284003053832,115.3397971270143,177.40900000461076,86.5376781121122
132.0566487382728,176.63003617835804,88.75349795084554,114.91108996832817,176.65808219096795,85.17787426473782
115.47552663358324,177.78309499588462,90.5019729047059,108.06697267203187,177.91001680191127,87.1901504456668
136.43630325071567,169.12694424782734,99.97317576791859,116.9307365530263,171.0564426525733,88.3504110697775
128.48869663992065,176.44344133961738,91.36334812265487,121.52851840018326,160.2379190304147,97.04893947608444
129.64199783481155,170.83366762142333,94.56520419035078,124.62609739863977,164.94054546429896,93.65591094251357
134.15103102208653,170.56883230952687,95.44687667486527,124.1260454600878,162.2451559976014,95.29481578688262
134.9076502289823,162.13547515249448,102.5088942754919,122.34498311947227,146.30146951288356,105.93150527032326
136.38230815405964,160.0659493465831,105.16237323479355,125.29527625264865,154.61957010890313,99.3064383342444
136.57599547920734,161.3402903206137,104.95742960171562,128.41080757540814,163.2338391978765,94.8857392240997
151.1535405359855,172.0864656358528,100.20951609714663,137.4719545715663,170.2933327631929,90.72907596661855
156.4371544055476,172.35036810594528,103.01077585884536,142.09598533364044,175.5952962811682,82.13516585856186
162.56221756439794,176.6467563147545,95.12277918684046,143.37558246751885,174.44588658938687,81.9195189602943
161.6749256157085,176.67323241307602,86.89841717378489,144.49412707575544,176.34664553133211,73.35390327601013
168.3095104751215,174.77313958090835,78.20761280056792,147.0488278614843,176.41260886268017,79.07062349186629
169.54683964030897,175.58874878204705,80.19616802215897,146.51539105006074,177.1270921280945,76.72215977274277
171.04470423006967,177.41765643038602,93.50761155049888,148.4877180705347,175.50179936129175,78.0427192630828
175.32385351232213,175.72087034769558,92.7160497737965,151.58731338493646,177.10204172479916,72.8718359989875
174.8578912477459,176.12799879512258,90.7121305961738,153.53202411070578,176.55702915520058,71.75984903099027
174.827166750898,177.46431779876715,97.92989488030832,154.42717299375335,177.24321889690168,73.40358977516347
174.53738937138365,175.32389177136386,91.90559215028692,150.33467490896282,175.55256398733758,72.3565856307096
175.1327169817119,174.82228998177465,84.35755791503388,149.03195260118778,176.68343113737183,75.06533093874015
171.59225141672516,173.2180938169945,78.91609346976519,147.6259085273529,175.16485792982297,72.78916225797575
167.29834546907153,175.11150350109054,80.8636069722608,142.4515074557925,174.3328043643749,77.28902543950649
161.89610667274295,174.58204524351052,88.29908903931504,140.70341563529513,172.44728752596657,87.43344846863391
152.8206232257529,170.0468908807243,105.38253565461591,129.1302277767263,165.2774039423582,92.11033517691602
138.1995414565744,167.76849975212872,102.31288498954582,123.27284372559107,151.5478098450317,105.5329354632783
136.65982093298115,171.86134908034154,99.38370712657355,122.00026872080986,157.0596627119127,101.65969405580812
127.7950673012162,168.91842058163925,96.27559485749144,116.44480381571823,163.87379305643313,95.0087868222911
135.04171857054445,175.24626951405278,87.25046193612934,110.2528627779253,171.87408188633452,88.36949353816864
123.6751800839031,175.9827087307115,91.08987796716679,110.5991569495794,174.72326895509428,84.71103161768802
111.40685708608703,174.9915952267802,92.27205398473309,114.67444456935125,174.77155617526796,89.81137434916849
136.48537853646062,172.86752124463183,90.91029473245607,114.500320630796,175.57677292663564,90.72600156827971
104.13885191811364,158.26121124950245,91.15787146941429,111.86215756815687,163.65406053080187,93.06598127567747
106.55791099994158,175.49979551288348,93.09144564898006,112.22896422497428,174.72857613008054,91.52168047496208
107.11706877247298,172.9124531276054,90.99466963986934,113.87783800841805,175.83115866438106,89.05912590231046
112.2865642443593,169.89902609342855,93.11894716364269,115.62206422085303,173.98159433365467,90.02426463549274
110.8136273194875,173.5664050746423,92.97549931100238,111.6680273085646,166.62947681617203,85.14544450286225
134.97479384323157,171.98099485149393,95.68580746846796,114.98483270207986,168.91853958756894,88.7703946437039
143.0491405734404,176.97239452071395,94.23355995029317,122.33529608434976,164.05962574586468,94.93820002665458
137.46791777029287,160.77344871839182,108.69942556405462,122.77952392374806,145.63426210239282,108.02147447310192
140.36345797814823,165.6705703994077,104.68574988613872,123.78309707121946,157.03759980087824,99.7197819558175
134.96553824615603,167.3425680084734,98.76730711806255,130.37943378247104,165.35284055098978,93.0928973693495
154.42885367215348,170.96200374348686,107.81629991391547,139.1504890734894,175.6108028401686,84.34637089962148
161.5077403238612,175.65841361101576,100.50163280531405,143.9445050662352,175.59819397151117,82.2642932902741
164.76834164888763,176.22149938366667,96.02146192495509,147.64820476277632,176.80154107818586,72.429953246069
172.8754571130013,173.6510427978054,78.94943955244678,148.97076208157495,174.62353760580163,67.25154408214803
175.44267819529318,174.50892170905468,79.49998266764483,151.8257674815572,175.38546019367874,70.24802534239382
175.7530716520555,175.30464220477575,101.04615116955154,152.58245098710125,171.308414832177,63.114126040940846
175.10831931176506,171.59752289079995,57.35647491798707,148.95835054539666,173.12637131062408,70.86909369278796
168.14787252757318,172.3277754249619,72.33231432094479,146.11050194424647,176.06746530342184,74.49010892991768
164.37478522174422,177.68873642772752,94.89340660610355,144.29795016003072,169.6590908779238,89.5046740273107
159.43817996512516,173.05503320460897,104.18670593247414,139.27376340875088,165.94330927034375,92.7555245001297
150.29920927349022,171.61162072641676,102.49578515759464,128.0001243525264,162.88724056217862,94.27526689135185
137.97037547894294,161.2309695187245,107.40226833299454,122.40503875242612,157.85877058546578,97.49876203967165
135.42731358405072,169.40965688268935,101.50258012088447,120.97736688591317,159.87949172318028,98.2842937666735
142.14416065433198,171.98059122238644,99.20825955232728,121.31615832739209,164.40477781055645,94.56168947320381
135.84990818127332,176.87362719663443,92.04203347092096,113.88753192625833,174.38885191957553,87.85350929947579
135.37056078664526,173.15325660241965,99.41277593803187,109.72176273668258,177.48834983307304,88.13583355837436
133.63376539840394,176.6465502572345,96.46576185684857,116.18722280111598,176.40849421664842,90.28504145649917
112.1790450595748,175.73103090957534,95.1416671925162,113.21828965325032,176.45977674610324,91.17460457793287
104.29424810504625,167.06770003043584,93.17686643399361,110.41784024579769,176.0161373909428,93.05648142236997
106.69673889410508,174.60713426334348,95.16309867583531,112.01579240263004,174.64438736632394,89.64825915412932
119.18317771855244,174.59421181968517,96.44473068673345,111.83598156160795,168.78249885559987,95.41674961179437
98.34979907244174,129.10509207271505,87.48106019534794,113.86209991836976,172.86773609594906,93.65050701372999
135.6805033780326,176.60587330617554,94.80773531137457,114.24760307653504,173.99409036777413,86.16216988743678
126.40148447599954,175.83046264818137,94.85978893360696,115.02010012382206,175.82643569934118,90.02936695492804
112.70212411924453,174.42205871111852,91.59395879407037,110.05014394840754,176.75674758641247,85.8858999973437
140.5359273893447,166.91679922905473,105.12957158172696,118.60423550054784,173.54572886827893,88.42745110953793
127.38171008887679,163.39621986748517,98.91669285641106,122.47241038515574,160.86124621889886,95.50181612960517
137.83806567378963,163.44622967155334,105.16810398410905,121.74587736826601,144.26751239763934,108.071234810553
137.63098583902982,169.06171613826754,96.95567059670782,125.44394719482406,160.72150801065405,97.03703455768327
143.44561684750124,164.4474274991484,104.34799097507101,135.23291327596044,168.1222400845001,89.86768268322746
155.26395664418038,165.94308648137445,114.20888439533884,143.97321462512772,173.29049793980562,87.24086261722087
163.45187097967963,175.52076786091013,93.83772476916631,148.71361586821246,176.04748696497356,75.9261470328491
174.09356268463247,173.28108172487848,66.75003658311977,154.61409335989381,173.59309045807632,60.526136610020785
174.28059016776473,176.73898272815347,80.713739944667,153.225407275727,176.63891457865088,67.69783877123878
171.10661691796312,171.9637973740828,68.7231676344153,148.7522647850949,174.61700331858648,71.50455031220193
168.11544251417283,175.56333962576883,81.926446343158,146.07739970567292,168.82138745708446,90.80911158894413
158.51440871299002,167.4656312817012,110.20559241690192,139.6960482791422,166.86151914408055,93.11427895327813
150.0554684392346,170.20596603814292,102.22703772457501,129.40999507640805,159.55756392114228,94.90740239617195
137.26929333612998,157.44872649563985,107.73056943904272,118.68204709862671,139.36961075761633,103.99757557388229
137.39761948336232,159.29428994753926,104.75877806670488,124.75529351349535,155.5230367443819,93.89689192725272
141.38651066003115,165.45331396667478,102.79491196165327,119.70097403354518,155.1264241512535,95.4159329801334
126.12112206550398,157.3637079615306,101.27157189033325,112.52746514221742,161.3104201112722,90.3353449625298
110.3817844890033,165.34377234673258,93.2521115288295,110.86851862969058,177.26208706348845,85.52542683556307
141.87690182434758,174.9033129444867,99.78635112053823,115.84221467404048,175.98073891639896,89.59865673933767
111.16954865986166,176.15026941027037,90.18485458450746,113.10465958938397,172.78121733869045,89.6905650215114
112.64912740464764,177.3236855809086,92.51212165648458,113.75951355568685,177.32780207204672,89.82141771982637
113.6750461285741,175.4823608908312,92.14780884078338,116.88766817737893,173.7406128553639,84.54888396979756
112.22124803865987,177.28895350092426,92.04913399112014,112.98631156883036,175.27937715757187,86.4063482425885
124.5839126896136,171.85626105076759,95.75495793611915,114.22888606270912,175.77359160350045,88.40229794157568
145.94555870747405,171.3222168808946,84.34042527106439,112.01007924246314,175.95651494989417,87.35125613362484
113.11192835804846,165.79899449936406,92.95663450333991,104.39340803902421,175.87959334871985,86.00345496873314
144.56976970651584,171.67344770464325,108.22498355913645,123.94948912177168,176.29079845179217,91.98252634131013
143.7019725287229,172.54128491210744,98.19839252355202,118.65409585737939,163.4100209204447,93.87068858121047
133.5772700752812,170.6263083850978,97.77516922808846,119.11469153665746,146.11225034893627,106.17362036486028
136.24053912832258,163.98252684165,102.05629260493218,124.78359826017375,167.78856607507132,89.57161826798978
144.88664029810894,167.31119654727965,104.47773789246408,130.7361261413876,165.51598210864634,92.15089644937247
156.33008219003997,169.9823001702434,111.96624679716531,140.47486943462505,175.3642053580836,85.54172210137381
167.2246901464471,177.3370315770778,89.39506710182025,145.7732797170226,172.62180668953488,84.49971223160777
172.52484612773063,175.01707155685503,91.97277859585547,151.18805773452297,171.58405648845988,65.55678432392575
172.44874896920751,174.2833046850737,82.3200049406926,153.8891072155803,171.86655100947394,61.79663224080019
174.7987911920342,173.26949710723343,62.133458023694104,152.6408701301387,175.10774220283653,66.94610980544186
170.33307841000035,173.8018482294286,73.79291354648684,148.21086588337798,175.60337873826631,70.42828704504535
163.9929532844411,176.46860490574883,102.73814649722168,144.4255885313942,172.0570779782247,91.27619739554726
151.37436508382225,171.88667613278074,105.06046451559135,135.70941974017134,171.03489857512696,91.03952053585859
136.1548177318491,162.77825565122836,105.59928146873632,121.88001127590708,154.08936707471702,101.3614015026772
138.08669919111188,168.81933555672373,103.44293978047973,117.37847486862343,144.6191359307466,107.37009114106013
129.70689181300304,172.86242429094915,93.04834197828785,119.05934093158096,159.02384794776816,96.55614361020109
142.18648177688775,170.23500518623237,102.65301989087544,115.03406697483051,168.9075484966583,90.26157348419721
112.12211354110157,168.0621535546622,92.1544619293288,110.69285506601368,173.3497288941291,90.15492265221874
132.65799147759463,172.39363737503166,93.10001122076393,116.94129103799045,172.82664239256388,89.13017601654789
111.22835723707905,166.45290626397934,91.8876833726348,111.19519221899816,173.6049043989101,95.11191013561374
118.7489487128506,167.25579248952766,88.87837993315098,110.7352495226765,175.71214585410422,92.48000662123675
109.00215029619488,171.51891916514543,94.89518702493395,111.85363551523892,174.22636893064924,92.05411141459969
121.79975740590265,175.33131151049676,95.01697613933551,113.46821523476127,176.7621444064936,89.18706590779675
140.00130668091245,175.9121139976061,87.46385160350968,113.80379407225722,167.16357533860045,90.6100400222894
143.66171511720702,175.80871261021065,88.95315752032937,110.86554989070063,175.04820267244187,84.65023982073998
114.99276639037973,170.47835559382662,90.4019556841287,110.93459322844157,163.6651544365802,90.9744207440139
126.93221617391335,167.563033082142,94.21127875987375,122.73965455634797,154.7678816258914,98.60726175621825
130.21386396606835,166.93045936381694,95.34682696873628,118.1258200478429,140.18622435103188,104.91573409217814
137.36803018751067,171.43232131626937,94.08048008112956,120.03146447192643,134.04412170998089,110.1436818822464
134.3076346774338,162.44559830389116,100.28559234819713,124.19970204695832,147.74932243566744,102.46594658724334
140.15975102618975,171.1846643696647,97.66296919818646,131.51294509392594,168.34237850921556,91.76341548195826
152.07508334960806,173.82057722203388,98.46514016498729,140.49809832167048,176.7055316182843,80.33786242203172
161.43572796385033,173.26482497766312,100.48900701046792,143.2207570841857,170.5808059194711,82.535446733824
167.74160978031443,172.51072709910744,70.9867967882639,147.0477161918836,175.11648268197814,69.07844214022793
171.66748449696428,175.0863260541627,86.19132950621433,148.88375320793565,172.2567852008441,65.85970355694225
174.46052084947152,173.22223602376445,68.49700703529254,153.6213650977675,174.113264616752,61.810021225073
174.44982019360916,174.76050220279487,86.13303718660408,154.28270672077576,171.52768975685743,57.144412589766446
174.95712526912214,174.1317914139598,82.50885555553594,149.8703052580363,173.79936926801142,69.24477841225922
172.76927830751328,171.35988211965335,69.02059731243384,146.4958170617727,173.64187546405157,68.5032850244855
166.88568804053008,174.68959583463658,80.36131237249522,144.35800418274158,172.75843561494602,87.50550130276642
156.790322489536,172.1690824882594,101.75791638338357,134.02268321136904,166.39881406959225,93.77846265358502
141.47222894436266,169.706033916622,99.88208476949589,123.15922766278342,151.57608357169508,103.91445941121523
134.65302429497575,167.7282994362509,101.9504756340648,119.60473282726413,146.21087558264907,108.95226965195359
129.14860597926258,173.75478527612546,91.5823045143844,119.53840024708697,161.39568867488018,95.91257016277356
140.02956318834975,171.1598031078452,98.76377917223375,109.55842214983505,169.02281313022394,88.64764927985988
110.47071827442608,174.97531719025005,91.92569824323427,109.67106046900369,172.7139384963033,90.5873478376044
112.26440635523805,176.22682882738107,91.31696583966236,109.41384413274308,163.16058723594557,95.09945759517137
107.57391381925362,163.1365117010766,95.06093202841933,111.0206011843117,158.94548853075497,97.27366421862402
112.75959035258516,163.1961634340782,99.16459369125643,114.23208468664139,175.78863650425595,90.93030282132989
107.0224178955985,146.22940406136226,96.54170055168136,111.58276753241839,152.675383177523,98.68127321299954
110.75247002353358,153.22414439893578,99.65787923253882,110.6085140733406,166.24160939545186,93.56629086441791
113.72724338167899,170.39277742195532,91.90047186506766,112.64109666194388,165.51117121018413,92.03817661538902
132.33210028917347,174.587316524272,94.78995440830114,112.18507324781669,173.38707496695298,83.51847620894642
131.92430804981376,168.53456823865724,98.0291292166329,106.4988451521206,176.1126527427773,85.24037966376454
129.77896738940169,160.24261299061027,100.1344113051594,120.43036600528416,157.0091864712452,94.77506798771725
130.5869468680017,164.10652642083653,97.21560184602924,115.2960338722378,155.341263049201,93.07154037247457
133.48639021968592,165.55381059758056,100.02757007748119,118.97180578429365,141.34374753645133,108.08691879378257
138.76368477264054,164.53923822701483,102.89337631453691,123.37920143008216,148.58732941649285,103.30438661814709
134.37653992535826,161.23726193121007,104.81561354469304,127.24666956954748,162.96569726787504,96.02869255950017
139.60316749434267,166.829609589776,94.90418234024298,139.14723154164662,164.03073370893173,92.50314471780337
152.26509729255343,173.171846281979,103.3794260221201,142.3567011460724,175.93660103494577,80.24550401982842
157.69332216569472,170.92595611411855,107.70514393063988,143.99391089529865,177.14647283571242,79.68870850614813
164.21639363864125,176.23011266530818,95.55118906218492,147.5977483940976,176.3334500398914,74.93380379203522
164.16783308226195,176.97706289796184,93.58782450288393,147.02699173991059,175.42374520233582,69.08548710040567
170.78393843622277,176.08457733941287,90.84390367911763,150.41462861665173,176.89560664698405,73.27868891431947
170.57848416690075,175.80397354771787,87.13262034020339,151.9744910882578,175.96824341828145,68.61962022347716
170.14526393336322,175.36017241019096,97.65571416952501,153.19573806473895,174.42586571103894,65.77802393645355
170.80031547493365,175.93334844351563,88.84227354388022,154.08496109243114,175.31306658281486,64.88580036704437
172.55587354240353,176.7279435418491,93.01837550060156,154.3946328955319,176.71154326937528,70.14868592984962
173.03200877909947,176.21238121448826,84.15298260027299,153.5787033693757,176.90294324099682,69.76583525818562
173.54887906033304,176.4308094317048,84.54704435117931,153.06527552592243,177.10499753746853,68.59752232790485
173.3287800895578,175.8220137857403,80.31975073429601,152.37195596639782,176.92601771514896,67.39444539970039
171.8818125899749,175.8217274677966,86.72746564498092,151.94539401605684,175.95614030815548,67.39035652748102
170.84339659324462,175.7699322879971,88.4685622206095,152.05817677766706,175.08845899455645,66.04775348276864
170.99790674329196,175.35157001764483,84.98714407902084,149.59119471798405,175.85757895249677,75.91235032416478
169.15711061923517,175.32833105145718,75.22266154767341,147.3418034324187,173.457792695998,81.16387162038362
167.93698838347268,174.06596778386194,79.82685023740252,149.45469842783456,174.9834593083261,76.22564669215394
168.6575895196878,175.57157720544038,82.29740197739193,147.7138494463427,174.60653617280872,82.43409514639427
166.74269100299682,173.9708720822894,104.04087470819788,148.13955893425813,173.16348944465156,80.8523605765602
166.5411348825726,174.2008275885603,105.8202070813813,144.60529402521507,175.32611883203592,77.06829895094992
165.78249931295818,175.39911042999907,99.9628125866664,144.01581833797306,174.31685412481218,79.13429185766006
163.0161969787405,173.93107994423744,107.86330295434533,143.57540617057276,176.95750018016196,80.06872618914387
162.28962990645,173.70936833083988,108.09079084135672,142.67471257921832,174.06909280029825,84.61225278719421
158.91249577311612,169.50720995045842,111.17865433647535,141.39099820513215,169.003185886218,88.78255812806901
156.3665893728157,166.77844577840102,114.61109016436252,140.1432061143196,172.16992663948963,86.9952501775404
155.51857815521146,165.16526811795288,113.66712513006014,138.54507428560697,164.43230084289294,94.09446524944593
152.6425766343299,169.9297625636842,106.36510485805051,135.4724516178067,168.3239456303888,92.8110234608974
142.86826591619763,170.472778006021,112.55965053193752,130.23275430340755,179.52086994963787,93.72519673098934
137.34068408152712,162.0497721693312,106.56308493193154,127.14419011332022,155.29120407730875,103.04520748728511
135.65271756116763,168.96977476502198,101.52095282556277,125.99255639063996,161.2257582080929,101.10269314805468
131.2823976398761,167.85730556814966,100.54059036446726,125.10480272806491,150.10454851199947,109.75629691453582
127.39425912500421,175.09308681277415,89.12565930077587,116.86704111016203,149.65277876803833,105.28029797777823
131.3748844466494,176.53164372515857,93.75418298856644,114.59921946582669,146.65298412080116,106.66284306670043
127.14468283725886,171.9925120575301,91.18102780096606,111.06435552351554,157.97868323467054,102.49064317927225
117.70260651614167,170.95881598068863,88.46038481125284,107.3351144294321,176.23846291379968,89.47781273827407
126.54453045316596,169.21808850716772,97.53560976282873,108.25710153288308,170.46486491073054,90.88007672741105
118.44349622667895,155.22614177690713,103.35467067350561,109.44279685637292,168.69894413331747,92.73685565812193
117.32315745732414,158.060953749074,102.19693858596891,111.24608613370033,165.537936282622,95.40886552168094
123.69657896921113,162.48496706548633,105.02447674484218,110.22728879721225,175.5901316660388,92.1433902725126
105.04013512831975,157.6911229822622,96.38137221969605,112.79445924598919,174.5831896873323,90.6434692406429
120.7065352117146,152.4692058452665,106.37301004428221,112.94039433040804,165.81356294019722,94.1864396504363
106.70755992542684,141.23801942051583,95.79654831050544,112.53244331211528,153.9534257776754,96.2864826095992
123.13943463528142,157.76823643222303,104.72101544377226,108.68317271290829,162.01447945770533,95.52307403610126
132.2182632958266,162.27853296109276,105.06420829143899,108.3651549047785,155.59506851035013,95.99138156138443
129.88517219432936,166.55695727389954,103.26519407353737,108.71038322772665,158.78341078870298,98.30978467699373
117.75519001043045,164.51075426349354,99.32423586553341,107.66158135013013,159.80768274334642,97.03890221611947
126.82443914572362,176.50884931922383,91.6736417496255,108.0306067490719,166.34017428523453,92.24785803283505
129.9523926405316,173.0324037837422,93.87888525490915,109.16209176420223,161.40785970764335,92.46381636932446
128.17230467722405,170.7677339759779,95.64454399164313,116.96041967318781,160.28576536334356,96.16312174265371
128.92861376855817,169.63515376823847,93.17717118511119,119.21243719707455,141.09327919828752,106.99266263854899
134.80921982604494,170.47350533870448,97.420634381363,119.35235138061185,151.214794420089,104.51707704671747
133.54554483430962,174.2203602346807,92.36863415018952,118.10182301998637,144.4868024163113,104.90553882759721
131.22043963779896,172.17547637426006,95.28006657841769,119.77918145362368,156.87947390944356,99.94459647587689
132.52944982843852,164.71338449240997,101.89795155418204,120.90426346382411,147.29898384302788,106.00891551874523
132.37337477170092,164.73213439518395,102.41158141624594,125.25333201392456,154.74967090158054,102.4420988211221
137.42263887158748,163.39694064645627,103.25877449961666,126.05422703682777,151.3558609521758,102.24943158550128
139.7200062701518,158.40802499000148,108.85691411196846,129.09624380358636,163.98150307372566,91.13932891242746
140.3298778301834,165.44271227097119,105.24273296170512,131.07451048203356,166.11774855947266,91.97703709494662
146.94862438657958,164.1086584168036,111.8594107722226,136.3087451436942,167.00601122822377,92.62946690627834
154.1515621981459,165.71815613136843,110.0716149235155,141.1412009758623,163.32766556849788,92.56270304259947
155.59251799290703,167.7413596209985,111.63476624505181,140.36581350760116,171.41513687109415,88.08696064563529
159.0183653941627,172.01963723862468,106.46227154691104,142.63717861963377,171.33832975868415,87.93186434017046
160.1917999338127,172.01926255445773,109.62143287702166,142.76638916317108,175.25070398008063,82.7257410730909
165.35452208016247,173.13781046872035,109.97668731097815,144.43663655921364,174.9083817598738,78.58574671020932
166.87582056215425,170.98437384224266,119.6537907399093,148.0820209131011,173.12924944536624,82.2412588334723
166.32539173680252,171.78373445376505,116.42704788973614,148.20943975866498,174.3313347674821,81.09540198149146
166.63350206618153,177.28438091605375,86.04308867007418,145.9800404100824,176.2389504881609,77.4823003111383
168.83948654175205,176.48912998797218,90.41250326257054,146.9736542290566,177.49430515111456,77.38384873080075
168.7680153115762,177.55992649074938,93.77051977279443,148.32464663919185,177.84285897472108,74.11133117871294
168.6950256841539,177.90830122757052,94.31611878244968,149.5615311571462,177.91699342621544,70.0838684480968
169.0261517852068,177.82872289108192,98.09414403675687,150.59617445112076,178.1143328456236,68.83235634603048
169.3935166399627,177.6753364409714,98.45822855273371,151.0714515224069,174.739653276335,63.49504543602244
168.89315409352355,177.80306379744508,100.25315545038713,152.35145184334957,176.09257555336936,65.68684588378072
168.85744966360147,178.39450259844986,97.85719266278576,152.2297794354936,176.22825526639932,66.28750502793581
170.99496169385472,178.21898176274047,93.09666677312454,151.85171183868036,178.0679663646095,70.8832271476341
171.55479898440333,177.4240946230329,94.15433585523607,151.38044152282944,177.1289581743905,72.44258317870697
170.91246533858234,177.62949258895623,93.25757548624549,150.74968113151664,176.97364331441486,69.69782169058563
168.91056776017328,175.62358190357958,94.42460233776872,148.92655726147936,174.64563260807472,70.61805123316276
170.62556029635022,173.9638628689992,85.62278167995424,147.28214114673514,173.65463298662658,72.33023415527266
168.08119626064226,175.5118247867936,85.40829513406625,145.95603299607063,175.95363237112778,78.42624586861352
165.76569665509342,177.0711398138951,80.6818032925765,144.46386280076706,170.16631991045617,84.18828354422607
164.9809386571262,174.58463426951832,100.00715945581791,144.44193780643675,169.3403975156852,85.78980105511101
161.9933049200669,174.05080694658997,107.34022142111984,140.00515133413475,176.39490806375505,83.37164984574885
152.6645567453173,167.0414529021922,111.65306237503482,136.05779484289658,166.06820410761637,95.25722165657845
143.8413580223363,167.8005530570468,108.5323569741053,128.73036610507134,169.07943177889175,94.73466135234902
135.7312459604237,163.82092748975495,105.6153053117797,123.98309089462344,149.79379975352683,108.1333783989178
129.40755232783866,168.54530210213645,98.90020940065129,121.75410826621604,148.36375161195005,108.03012686800392
136.94606271445232,174.07487520443468,93.71379493373642,120.59955648277854,139.88540542547418,111.24695481450551
131.63239848171372,170.93800014668423,83.01325633474059,114.75231110877687,138.23891122886195,109.19933042360721
121.90451898966835,174.2688387172027,90.85090679401125,117.43033212730766,143.53297510312052,105.97261265651905
125.21515356392437,177.02816485712063,92.95131230309498,110.17288568531657,147.22100253204727,102.48826344100658
118.59463470531992,172.82356213921213,88.05836171710864,109.30643724549977,160.63606712405027,96.04424950782841
126.7861516602547,171.61050444249653,95.82896973618702,110.5670572309104,150.07765471874555,100.44185683253056
116.0227184087498,150.9585054616116,101.54119047327625,109.08310633574084,153.56909901579533,97.18048310280038
119.58670223569307,169.43554569747238,97.08029945863672,109.63160774534053,164.31132473704102,95.23366443830008
112.02618388147233,159.6862039423685,99.19632736676927,110.4758770280129,168.21401518247436,94.50573677456899
102.18477116772797,153.236888472774,97.26006152833958,111.75043368959784,166.2435010049745,96.65053991584323
109.50073005987213,158.80440542457623,97.23745452613741,110.31030664882859,162.77138447883976,96.45754325460972
111.40581224613696,164.8839525858528,94.3260413437671,108.64424392247965,158.33847638073186,94.59992713030165
114.43800814052834,163.19175730208326,96.90667654524806,106.97286377328531,163.9062387244722,93.50364936665038
123.21754469599193,165.86959743943925,99.97827416302901,109.26494802844044,161.13192604165778,95.63801682613528
132.90866023679266,168.77105213635474,98.6406101741794,109.13813588857931,153.90216829433803,96.19215602425503
131.373203847277,161.42842284143543,101.14555072725432,106.92205022249715,145.68800258010762,94.8021769218693
128.40119365361082,161.26260570316134,102.76160179795698,107.83662200547496,163.60131217969536,91.53628348901145
123.74660384669139,167.03107557384038,97.09146396325937,109.13513762677067,162.09440659008905,93.2952116328788
131.3385311422121,170.0645274719547,97.07010774900715,112.15670161372636,151.02598383184423,98.33198263735095
132.39773336601755,173.9429022236887,95.3672828224872,115.79812641224242,143.09247687520596,105.35689670581783
136.63196957104614,175.48805067511623,92.77316342556895,119.65303074563859,149.46215066893916,103.35443471224076
136.53432807975284,172.50772556783522,94.3675928377591,121.59249759908876,148.03069436797185,103.59049212119842
135.95117674125274,174.52983896420736,92.61571114737986,118.09417845680659,141.6712581379449,107.02020702073033
140.3265500913673,175.5756044405113,94.4343093130596,116.9280666661946,144.92929896627618,103.591819362478
136.1227046833539,166.14605191273125,102.20858744537547,119.91274995193898,148.4306904479874,103.64161719152516
135.94077592324945,162.50756834835178,102.5429139814506,122.63230704610567,140.7790864781292,109.27126175927187
134.15967607693472,164.85732041998332,103.36688827790553,128.1620426287839,149.59143981684275,107.86343292404362
135.12091576699277,165.73963619203994,103.03920732940244,126.60538038650819,152.62417793414016,103.15210356706862
137.46738877244374,163.07873522083423,102.76118839622795,126.53396112309804,150.2375105575941,102.16551252755741
140.71570889967632,160.0934361129166,108.35669955735665,127.44890214378674,146.79897872947316,103.44732936645138
141.06264394145552,157.50716986579187,110.34430250970918,131.46696009787067,154.36400530515814,98.25710256673551
140.20472693481932,167.93063152578574,105.62306380469266,130.38025242471562,169.50624194015305,92.37875135818375
151.2851484352637,170.70742312382944,109.18320211724188,136.5921656487194,167.92075104639093,95.85046502065843
151.04356323848728,166.72651779606312,107.756779100721,140.20725245159053,166.12550988255714,91.60610153874022
153.8630642068596,166.68732495516747,111.73551897899043,141.43674878687457,168.72494083257237,89.69542490120166
154.38429765580327,167.61494423968608,111.58767301323547,141.14070988821553,170.26676094386193,89.16245687623135
158.0111723957815,169.02269159060646,113.29391598391105,142.99930758158217,172.47032956481797,84.7302464999312
160.86596493667577,171.78794663880925,110.0401473231093,143.6001588948627,173.4050206443662,83.26285468077813
162.16520736464796,172.02405652762923,107.15874137029797,144.20683361594567,171.6898866071292,81.4981600186644
165.05513926561682,173.82547575058192,106.3556939104815,145.14593568245652,173.04327037604568,80.3847504760788
166.0617472963158,171.86783524679439,108.08125011521037,147.40108300860317,169.74994509121066,85.61499364780599
163.85860586107825,173.61312596033736,106.45871400515244,146.35667841383642,171.40385711528714,86.32962848140275
167.10609044962854,174.00108361937586,81.74119619423162,146.24960899151415,176.64416035014548,80.8109714156252
168.18672146526322,173.99941310913528,83.88209749923908,143.9209523705476,175.81326331502802,75.97509911576641
167.86308367855023,176.3745317704051,89.28927473707802,144.38469205307902,177.13599436318577,79.78150067489668
167.68836707390776,175.67979918735517,87.41589997813439,144.501561036809,176.8635798076292,76.89323656491663
167.76193539030947,176.85838204459841,84.84488979559274,144.6927514986594,177.38249793178025,78.21025838292732
167.67548008188786,177.23222931716958,87.38830179701715,144.65956519018988,175.59253198290602,77.78093623590979
168.06425453534467,176.35567327216773,84.73923408537947,144.7096606769872,176.77665060806547,77.26873496961186
167.8209705786649,176.32065537783438,85.16471214843746,144.49474620283115,176.26276062629472,78.65537447584154
167.31443913660982,175.71371227656704,77.6451173926748,144.5425029305143,175.29207210548464,77.44230431021617
169.14003819126148,173.54359290558986,78.32441997287718,144.8097637083893,175.79616424960938,75.86301979851399
168.39193247027265,172.5476310125697,74.29813454156465,147.12010644824156,175.2645261161401,78.89831752288505
169.0772753709777,172.1666747196019,70.89412313427185,145.94634490102965,174.88311244217266,80.67151692546018
163.97673805474005,174.73389938275872,104.97552132018593,146.51965401608092,177.20043549427538,77.45861461822837
164.70812253478184,175.66158002559354,97.96029882851161,145.2612866556126,175.67461188130676,78.8068630159773
165.35415605694692,172.26221913242267,106.99967774600618,144.18352165635264,171.39781383094237,82.21127820581027
163.87132343174147,170.8644244308261,108.75964373601123,144.01442350978053,168.7180222041164,86.40453490053586
162.4271123109565,168.28428444922403,114.52263793050913,144.591871700716,166.32855888707445,91.96427705884494
160.40242174738518,169.6352029213258,112.19934783577024,141.4605819638115,160.88384600942354,99.71269471629287
156.92155791482958,163.5473294258876,112.71997749080258,140.69904473838338,158.30512049332822,96.11653080859459
155.55429761590594,163.43285070024328,111.3412861093145,139.40441047953908,152.66416619238737,99.51178433097695
145.99199901802373,178.84288716382403,107.08418107441142,131.30093423341256,178.4108640415375,98.7827658764209
144.5716486491424,157.44551552549197,109.2636752821397,132.5097296812807,141.91815246749897,106.89941912429778
144.24469370624783,161.56730525364958,105.77574161234865,128.74946020145472,142.71502407785698,104.26715988695612
138.67221841390767,162.58071683073283,100.24906540157113,129.6426285227065,141.6880947253942,108.35553929202865
136.6938822285787,169.74914433332896,94.65207439569465,127.82552535653237,144.23965498527735,107.91203442568275
132.23073894208244,177.588157542717,85.48617522411641,119.35174716179499,142.58061802837014,105.3521141019966
128.69409921603585,173.81870771886437,85.9447172100375,119.81657552641373,133.444543564283,110.06916423269288
125.36761516574674,176.57574391516124,88.51320551498864,112.64227522218384,136.74541056182142,107.24664115628805
117.05362762259779,166.8110597406576,86.53200297608612,110.46291802220126,146.60357490475496,104.0240733300134
114.18748057228628,155.0642971437741,81.18278824427098,112.17712692003005,147.35641956408043,104.20537296745151
106.19488772501273,165.43422194891215,92.31463302057604,108.09382627343807,139.75779996089923,104.56860330058039
114.45912795209819,159.5488551915142,98.44613959291009,113.45517682432626,157.56510770508922,99.1252571101529
100.26819303183677,156.74581725477032,91.21227118762637,113.20705950539487,156.7504093117222,98.29167487905193
98.21337303225162,176.03022316697107,87.3618153100931,112.38077286021725,154.76671736210423,98.2480329869727
102.37838032978276,165.7064318020368,89.48528319654594,111.15577675540496,150.04454073063854,99.69940923645113
97.84859932818274,129.62221992017643,89.68300044388799,113.9437494023844,149.66333646021732,99.38926577967358
105.9083835058091,161.3359107201826,89.24353947672317,112.35094550384616,150.81646637696147,96.18833325510083
116.87518933690373,162.53216062463375,92.8763985045701,108.69771765299993,136.56080226993265,101.91224613861587
118.66843573251212,163.67967683995968,95.73044770626502,112.03938849217225,147.3178922754256,100.58571673975132
112.60226448892662,159.10898365972318,97.16054006538437,111.20423629265828,151.73505771741165,100.5461386790145
113.43936609388076,169.99133552897217,90.78193555912793,110.09185473476754,152.99041483245392,103.02186346048879
122.67412015639304,164.68964422838013,84.67629050691542,110.66609991198611,151.42225675972557,102.45062696163066
126.18412691419174,173.56327909556057,87.76454406473295,109.0946135730385,144.76522476605686,102.77902474910903
130.66394758981343,176.17953451870815,91.07172332974588,109.22926106772758,141.53920841900748,102.96552477346374
132.13050526576762,176.67282079873902,91.41535792599964,114.24224780721335,147.33113956407834,102.59449298032867
134.93781430852528,176.71118018263917,90.58387871829636,116.66977030217814,143.86359906819055,106.62090107692181
134.2032413331765,174.67825963622192,95.7777035385089,115.12296978491935,147.0069695872921,103.82021800627373
135.03505564274778,168.5321902259835,98.07090378673757,114.86402660221968,138.20800143403673,105.03065191768727
136.164632364178,170.8576826750221,97.72421979918771,117.03151485086677,143.72004757487946,103.28656356867835
137.64811830406967,174.00036791596523,92.20386352797779,121.50296550976675,141.60443495872033,105.85393731261361
137.14067496734017,169.28506181200547,98.26740676816836,126.30534234546873,145.5657966133451,106.60707212414628
141.0470089163656,164.76827706202224,105.43073537610846,126.9820201974043,144.23238803620606,107.05077826079962
145.8890126032417,162.63847775215734,108.35570761315253,125.53076761648899,140.70866332257327,105.8269102161982
148.08436228231085,166.28199934192577,105.09586676804538,131.30463389546327,144.06245389656706,106.35513636983994
150.4290905177443,168.67889374420605,104.58986369501085,134.51056863459655,153.2454326352906,101.74985899872752
158.9026330614474,173.86175138598242,99.62938832573467,141.09907522426508,157.56159788944305,101.15645074565784
161.8777656318811,173.14631569210164,103.63450780445832,141.7600417621248,160.45212187816642,96.19587628131387
163.61109964153277,175.41750981459015,99.9715195493103,143.3754654292702,167.04000705247623,89.69934929365468
166.0603440230605,170.38626043531053,114.04191394372816,143.93303888158817,164.83157946824653,88.51797692714533
165.69365237842152,173.03284755108388,111.31083467382238,143.25745468860453,171.09606381613307,81.70307488176503
167.56871031436427,173.75751697854682,84.3774964353019,144.67800741507648,175.305406541119,76.68500602457759
168.87111597349204,176.09538992183246,83.11329342002543,147.2467423630735,171.41955731476895,85.68274049924902
169.35812962894997,174.0547914420109,80.4184425062705,148.1231346859412,175.80070855497928,75.86196276272153
170.45289270820282,175.82337657820221,81.5373146303286,144.97712000717976,176.49708691199783,77.63635336613213
171.7253198400766,176.56734194678853,88.55370509610206,146.3470465307071,177.16430068009728,75.18977194475286
172.45734876284948,177.44358280990141,92.81900477603163,147.98974208255177,177.59184283269192,74.24596987066938
174.03285352749018,172.18080730134432,47.22235241469551,147.9372868227656,176.55735679164331,73.01867587268883
174.60282421946982,173.4548045520983,53.252416633723556,148.82111291023702,176.04009452898774,75.31190134805459
174.8604757923699,173.31284220084962,52.21610685290606,149.33938317182023,174.73909368586996,76.7546000068711
174.85808774073627,172.62121077175595,46.334668167389296,149.3638857081396,175.93150038341977,75.889891038437
174.25912418249155,172.79611791101658,48.99233689191855,148.66155398878826,174.9837848110415,76.36568694938968
172.82395154416096,177.8648933196789,93.92118808046774,148.04922499052196,176.88772113237846,75.10724189002377
172.670606404021,176.39584747762572,82.27392807155375,147.6500766915469,176.7828127126705,73.0104365864403
171.36288913992212,176.56959738558072,83.39137471005368,147.55018088649854,177.73387937856805,73.73455559434547
170.1053923303896,177.0443897316654,85.42042072056616,147.63140638798504,176.74558816998154,74.94314785570178
169.24174792545088,177.62042040202647,86.04642378247055,145.98720407384639,175.52212236643072,75.67058683680199
168.19840331552305,175.71769486383496,81.39164001293616,146.0874441040858,175.63281214423887,76.35159250198653
168.50589952932367,176.24102205636652,84.0555683384532,145.74861157886667,173.55184308353935,80.0790855534117
167.90663783629083,175.69088957029157,85.51524690926587,147.56551631388967,175.6494157801306,78.87471227854556
168.25922875322743,174.89828091047278,77.04956309815763,147.56225788517312,176.791983118911,74.62560615884186
165.35410388625266,174.90930699093934,74.26922473119588,145.92056577626602,173.75025630898935,80.51400556869567
162.90617638155106,172.9375939805781,103.45336961836598,144.76255446401714,174.66870036579212,77.64420167940658
162.45723884040672,173.8132952463945,99.7959875494604,143.06813978071744,175.96080907939984,75.48105652675349
161.01975164384052,172.8070903641265,102.00373393661457,142.47884290196015,173.17725747522553,82.04770482766537
161.1292691023756,172.55854798867048,98.1363354067669,143.72814412318303,166.74870777758375,87.42625366567225
159.01658357108082,175.47481766779168,96.84486157984225,143.35390444851083,171.70559014222394,86.58616196971147
157.27440474999517,172.4951863714321,98.12970537553056,142.02317577203132,163.19406715295545,93.84213648651138
152.56268381961561,162.8249568507071,108.67183129168818,139.53113729421554,160.72760549292525,92.3773907282794
151.9098234316714,161.13878152358683,110.01860080057389,139.33858705662047,155.9751082398719,96.91852328276663
150.70209341803272,165.7286835431393,104.36932423242642,139.60313182876672,156.07027802388836,98.87278381232358
144.89220423578476,162.92246697319123,100.9333280158891,136.46915076245978,147.66638294039484,102.2264813747609
135.9657673013266,178.54674639161553,103.71882916553275,128.39501910088998,170.23054848565414,107.19377104917325
140.55240679644717,164.09061732905923,96.22203388806247,134.24860245007642,141.43836973529287,106.48007341786875
137.2257816828987,168.2458501070465,92.8453904559191,129.5361752375178,144.1138596418157,104.61935188383906
133.2368619853707,158.73183520840377,100.07274515219578,127.80707167726928,143.12474438796605,105.61826376687007
133.78741055867792,161.33951729597743,99.4673961240777,128.1370325622909,145.40542378184182,104.913587139214
133.2988571833688,158.31736569533334,102.37632558770467,126.67924118087241,145.62893067358198,105.40407925378163
134.67735285896185,162.93317604997526,99.57971752540452,128.18452641788787,147.5304916262934,105.4725773859827
133.63757815283586,160.17786812875968,101.79688022831752,128.37844190338072,145.06869371709624,107.65867843949854
134.97230798338458,160.3906492649575,101.96695143923947,127.88786915783415,140.86647266753891,108.97093896770382
136.62705592987834,165.415689756009,96.94233187594405,128.59744171446238,139.14479228483853,112.12774861328492
136.28377368722843,162.90070879192135,97.900128447198,129.6550789305123,141.60890716501626,108.93961894129247
136.68231441755282,162.6788228364425,94.98346553993916,129.36607995782293,136.87154226794894,110.6721595051275
136.42861657244475,160.92978444515708,97.18569006377894,128.01692961265934,134.07030452923675,112.05451304250755
133.86408262906474,167.77076435774842,90.58186263394124,120.83958043678896,131.81977133704703,110.044523710543
133.0665982321955,167.16272026362657,90.98273631494075,117.66639896652426,134.68985902644846,105.59992308249086
129.77030597987343,165.35306072873368,92.99113916841023,118.39995694309609,132.81019514501304,110.12806326769984
126.65160207350642,175.44422879662253,88.8048915692005,117.46261859462156,135.79991973501473,110.77902479757402
122.37160080550049,175.9956994847385,87.07168218969926,112.96453261804737,135.15058441697389,106.32016585436313
121.03856152137554,165.674471934613,94.80373784449928,109.57429417931179,137.03725654310662,103.52573648392537
119.79904358441368,163.8627157323745,97.0311644291038,111.27320875040256,146.26368779918124,101.81398967373066
116.11402731238826,172.63528322752404,88.28596490035211,109.88645874249893,148.03916735527926,96.89199284609154
122.56227152949774,156.52090794781344,100.03868313391737,109.94231141512022,147.13736915004708,98.47102849435687
116.91691223364035,168.28826280603613,91.36176235172721,110.04040598895666,145.6389705849348,99.95924219423662
114.14146491105825,159.02591088359614,95.93057065453323,110.37131481561285,143.5208165095118,102.19262348687279
110.51523231878218,147.15475313935266,96.25801741790531,111.68572573158282,140.94747083222543,101.4125101836761
110.85310126600638,145.76796729500876,97.05942671475209,111.85123891290772,145.76429451374926,98.60721192346652
112.86204640529297,143.72926107952662,101.21693642560639,110.15575671328116,142.3609327775567,100.12201950057343
118.91897561226439,162.56668492405217,97.78107794131476,110.94024873576922,158.17231834918405,95.45892346182357
118.51265009073506,172.56935807615767,93.30394313735908,108.46207165314615,155.28453440440373,96.00762249955964
117.66540052834897,171.87474708504973,92.1328723590385,111.22351243999941,151.46282249077163,98.47443359511988
119.20517496954356,173.20831000685786,93.98873497073323,113.5316886075106,153.75588509648048,100.630815831113
122.36142300924809,168.48687996436755,95.38919653284094,108.33477615380161,153.55757237898396,94.78973684822019
116.35102859177516,176.63092788471286,88.88900719691226,107.53335442409659,139.23332010090516,101.52987260958126
124.54493346540518,162.8115062284764,97.2613789996653,108.35558766620943,130.83095302414,105.103051589382
124.39415134298203,170.39117158763216,91.3471456823307,114.3416447986804,138.9675922331617,103.99631316322437
127.97212008272433,173.7485733245007,93.62590431704358,114.28488827114987,143.17672458312768,104.55705123560551
129.5575280235488,166.06865660310947,98.08889727845575,114.95513384971159,140.85504327501462,104.8408151463318
129.3546780548849,166.6694252854891,93.17761253490507,118.6609055101074,137.52766875216034,105.63502366154209
131.7423280596854,170.29308901283352,92.04704739987534,115.4125094969313,142.08841816119252,101.07891916221728
130.2164023416033,162.43400897283476,94.93399168495992,117.72519437716886,130.9100499224997,107.02762507105327
135.99375878171833,158.40186596038095,99.32192129946205,125.71463691728668,135.5583043879921,109.47648942291097
135.04301576231822,170.53361136443365,92.09756130891425,125.7516197970736,140.4084017999188,109.96919217483946
136.21113962628849,169.2165614508208,93.6748507136229,128.0052889681928,141.71599705887317,109.80796049872122
138.22671843081866,170.65445006019516,96.23314243957991,127.68910622251855,145.22604325704947,108.28933865080542
140.3273351617094,174.6089725034049,90.8207070266212,129.52958807286248,145.13173190459318,106.79816367414357
142.78588877128354,168.15247729616993,99.45509877741182,130.5344794567813,145.99367282990463,106.37261326318043
145.05676092535805,167.00160330017223,101.88232928418505,132.09260511998343,146.04163300402377,106.59769685146294
149.6960671661906,170.10218512746565,102.32166505002498,136.0225274678933,147.9656329727928,108.46508448987275
150.34434020908313,169.16139482797837,100.87069662547863,139.77849081671147,148.57764360332652,107.93766176768477
152.91392552649245,168.17598279052734,103.0940833634112,139.19911030914253,151.772210118991,101.29177909513074
151.77820332105773,163.22287437252393,108.67128765224463,140.08046234312843,153.5564836387121,100.69176788150966
154.5057451327802,168.8474665097436,105.11724662387094,138.91789475645714,156.79609146752117,98.50301669810537
158.19953196637667,172.44748082128868,101.41010756265761,139.53070036794722,158.38236404458732,98.13962926264243
160.63014456293013,173.90247168908564,102.04497855498562,140.34466734143976,161.5695440727668,96.4619256923217
161.5908695711759,174.60770824681637,100.10357501904411,142.24633229983732,163.28773845278135,95.08551887600645
163.98718267510083,173.49649979284783,104.89586505243696,143.0140685380527,164.07100654435013,92.60189008349789
164.6677657996445,173.32698016004656,107.01092692372721,143.1469466663048,167.20963227279708,90.2824274298612
163.97051664435165,173.76308721008775,105.71944347503602,143.1103459102554,169.2699269293151,85.28177777519346
162.17212016857988,174.21613594824197,98.86500886462936,142.7831033550133,169.30892660414693,83.71095963298305
163.80145516362884,176.3315073434388,80.86994386132784,144.29002383591592,169.16121252371113,87.00240535235557
169.41275617808012,174.56307338205693,79.39839083223922,145.46092535275068,173.54921385456703,83.3396923821745
171.19295975293616,173.56562675959026,72.77523099003463,145.26963622848976,174.81252727343252,83.02443328575198
170.02868788239067,174.85636306321217,75.47369720505093,145.90791041606232,170.8327405653772,88.11859750270744
170.2541949512716,174.99916912852828,77.29954801007202,146.28926362367397,174.46648615099673,81.75497568398967
171.10999909578797,178.00110434294194,91.50056348736624,148.32963231553256,171.7185376804165,83.10251930188524
174.32758419771878,173.27503326272728,49.66934872393545,150.09978434149735,171.7031546603712,85.11212406714888
174.79419015243033,175.62199367243997,78.64063131591581,150.16240532653535,170.96680311267747,85.31308526599307
175.54130373069972,176.13206740335696,76.1398569365654,152.2318008544985,168.17109751260796,86.68619223362083
175.99097724310155,174.6085800560251,64.47390660656893,151.759895308573,170.62610858664482,87.30321679864144
176.3923481048184,173.9452650169381,45.7626733145808,151.72954669311483,171.1238504352143,86.96501557246158
176.53734957571808,174.7430193134025,42.556056616473356,152.56202686145187,169.72653059433978,89.01069154645714
176.70343117584648,175.45476889317226,40.290510063308226,151.74866669404574,169.49167695695212,88.76426138084429
176.3847292560091,174.79851364820632,51.76983241974232,151.88771629690595,170.07865214952665,86.3889612133497
176.12260655682763,175.2511230303908,63.00030923475478,151.97992347353014,170.48704780454452,84.22117645288725
175.6511479928538,174.59004881013115,64.38473787992373,151.87064226736373,173.65453853815484,80.9515718909132
176.47331582167607,176.11234372278014,65.36517532880208,152.12059805419295,170.98921399640477,83.95588470263522
175.26965449546867,174.17819003714567,52.26878151290061,150.18730387010015,173.1732447862256,80.1330678156166
174.68561832278888,172.43623243039545,47.30091297034494,150.67946088786667,176.51240475712362,74.25110882968508
172.02726738556856,172.27639758041087,53.47482445135455,147.3383346106743,176.253526667642,71.80400180778652
170.42698112463793,177.8660455834982,87.93490494770174,146.77860394081307,173.89466794904993,76.49966304625065
169.49638354002744,175.0125473213271,81.06867550864064,149.21944807820768,172.51166968981843,82.79962402278152
168.32623560481676,173.3818398185808,68.2672868909587,145.6344594770877,174.6870731745933,78.43938704657016
163.7491890332366,176.00702350819816,94.45053745758892,144.04901660482153,169.77603543663096,84.64892412857347
165.29873251657213,171.93885110327543,106.99676838083646,145.24531152953318,161.0217974499393,95.0497546134168
158.00116665116866,165.79681533147127,109.2338292008127,140.3095749916867,155.9853581088931,97.54704311991645
152.2105772259693,166.06625028869422,103.96665736917191,137.95243008906436,156.6672958620712,95.42545015380487
146.6992197869486,159.20783548263063,110.23883412673328,133.18477240504225,152.32956483276263,97.94732987275442
139.19759223920883,154.3726164518084,108.13632757882426,131.91956189366132,146.04806517925135,103.41435399415892
137.79722298986727,158.03557309991928,105.12746377266355,130.42188423636324,146.9367017853222,104.24671317109983
137.9828178355833,162.67172381362488,101.66943392423427,125.86133798260695,141.32070143150997,107.54289837445639
132.8842654329579,151.76499471994435,104.54575868917664,131.14581410016262,137.1003563878224,111.42751713179892
131.82988010761233,153.32064971608312,104.64927984148453,130.20381384781612,139.9101662176259,109.62747491382147
130.8820753607689,149.62150239042745,107.38712653582573,128.36158557078457,140.71482424777048,108.19704159451118
131.4524854315266,164.33995189674405,97.27712518818468,124.75792433975472,140.2493005295656,108.69673312744327
128.50456593282718,162.39431477165502,94.44436480171962,118.9239607267556,137.04711072112664,104.46215143931174
123.72818863857549,161.77349794872273,93.8415569763813,119.28763321680267,141.23238717329718,105.14592773061142
124.38627303220105,159.7450040974238,94.79619356853988,120.35024169074569,141.8836448422135,103.6769018265668
125.15728609226024,161.0505688104768,95.27605931932179,120.11525011525936,142.2195447692157,104.36871973354101
126.40268545623503,158.9475396688632,96.78121340424708,121.39563702158793,140.39567751864217,105.66552535106545
127.37105370669669,158.85931965927165,99.06092186789566,119.37260876620135,143.76721259471586,103.9675577357658
126.27027738368236,157.98542379721812,98.67369427667303,119.52274093091599,139.02873499194138,106.05985010098321
122.84763451613746,153.67771635070542,100.63945090551472,117.30874201265193,139.44801658998716,106.0053485854233
123.4862720615568,154.95215507113326,99.96716327738456,116.57863941104057,138.68233907127927,106.59662263127636
124.4341674693533,154.71357861404653,98.85632956324626,118.87215206238007,137.2606545666551,107.34837714748552
123.52125151422746,154.95633338041495,98.99854582295943,118.17803928095591,138.93783954326642,106.36578104703764
122.98848194400829,159.59752883248066,98.47058515101605,119.50200993598692,144.27608203567692,106.48863307087008
123.27952472311217,156.61765856071722,98.17631529287871,120.44220726291138,144.00381115822827,105.34182715519594
122.97891351749531,155.6035602970833,99.42943740589675,121.27018243887787,143.12171028623325,106.30689060450884
122.8080909322204,157.98730939687474,99.94276218169313,119.70805434284422,145.42562263538034,105.66253933558801
122.44680115664636,156.55722394386459,98.1563568743759,120.21863989393442,142.66295048654933,106.35616198912189
124.69850188626958,162.23589944298524,96.61128944930104,119.21441385189921,142.85895094922404,105.23760786189675
124.85018709594749,159.67707251935346,97.97067978088828,119.05763555967187,141.5345371532117,106.22304843758106
125.2407371206598,158.5257350585427,99.90350656586271,119.33617364359485,140.3633483511823,107.73604296614843
125.68350447460298,157.90311869589033,100.16352398611114,119.40514970849217,139.75368518312607,107.52257651535149
124.32760283138299,160.74575377590406,99.00091566482395,119.67757697121722,141.37517525949704,106.74517535787412
127.52090753476361,157.70006931550176,103.5669534220775,117.63390458784602,139.37124986886505,108.03013883107405
126.14570403750001,161.5962596867412,101.89768683837207,116.10898882829997,140.3728725161773,108.35043409529345
123.59261313247738,158.31227200561625,101.47434252533442,114.84556139807638,145.908538711858,102.69627442727567
121.31377734182901,159.37027930924071,100.37211864227932,115.10692085490501,141.86446054419758,105.83793321126161
121.19606017092589,150.75121203243276,102.63859136518846,116.0130756345987,139.95510445902482,104.9012672316513
124.86419233351714,162.86338638122558,98.5608414115723,112.31917370405644,144.36306019760903,100.71475363668478
117.41111391670138,156.3112749906356,98.35808764270827,112.43232101231516,139.8013367126758,104.05696545515615
112.29591306252163,171.96115549906818,90.23464850915826,108.9206294996513,133.61245058098004,105.29840718279956
108.73302575940613,166.68207367257884,92.2548176715462,108.1103524334464,135.6013250330089,105.62422103483101
107.32087808046558,170.5168196990649,93.04909775773935,109.51843536530718,159.4745616855478,96.92746973083987
108.3550855825826,163.15583321248684,94.53055044397303,111.9056052130897,153.7916860813793,99.75665704740565
118.57472178210104,164.31473344620392,98.45121716013603,112.77831546150692,151.19059560875328,100.98558049729311
113.17157421787248,156.15579378054156,98.16597610122132,112.8888682542135,147.6650178611055,101.17817534833748
110.06427574591775,157.3967508037518,97.0454973730495,110.272035553435,143.40342881588552,103.19268402303713
130.7722662064094,161.21613097244665,105.33573732042625,109.94493923035611,148.73933792505576,99.51701624097471
131.06843481067233,171.04915260426873,98.4536154739295,108.74847897986017,157.09029255207602,95.52120013171897
123.42744479516888,165.14581484963531,101.14109051320196,109.66674005084916,160.2178332764833,97.15170401799924
125.07109827280674,156.6550608176594,104.69208743121025,108.43482723668288,150.8631545173687,98.19211815974397
122.31421392719896,154.84387685982642,107.11905388311736,109.22489984826309,161.28311732856355,96.54244546230456
122.28840066653328,155.0286575425904,105.02554710344992,109.89589820298823,157.64115318823116,95.28118455387019
119.66855403633946,158.5398787910679,103.62450448717757,108.7618594015511,165.45417756232894,94.93864935849649
122.03888928535619,163.6899450980723,101.1732191492271,108.87833939834938,167.9819474422498,93.3779079437818
122.19465648026116,156.6705094983979,102.69725965695413,110.5383359812636,156.08938711407097,95.91634087983208
115.24815140986554,162.52634146547865,97.38208362363173,109.27322299301521,154.69495481583257,97.53894476797717
115.42028068272714,171.40321998877232,92.93487269586979,107.77328889920511,157.55707939193306,96.1153292544397
123.23517380201062,176.06277775476312,90.69492537008318,105.89606896707384,159.53657555173166,93.01713042717834
128.72908620363845,166.35303052642226,97.16202692104041,115.42351860283433,148.52396833805517,100.48617859107983
131.66647581330193,164.4656163856246,96.74487995961374,116.01522524018654,133.8104072069413,106.49815832128857
128.3901382615031,150.27541629479418,104.24928494901933,121.22557729718422,130.36461718095987,112.44963723304157
136.4530003530643,158.88059112321324,104.79416801072512,126.06428455374494,144.30953328746716,105.78157937778445
147.21785157977905,159.1958416475293,112.74304439991975,132.69168499917535,154.81638389900027,97.23029289177656
157.81667527665581,166.63198014316012,111.73957703315499,142.18979614445337,170.43074936621628,87.38586780765814
164.76574709470802,174.52731578140973,100.98075687582414,142.8033594500943,170.88527855791313,80.3746994535422
169.51185182056756,174.75337407314208,80.12104528291201,148.37610771563158,175.24410065705763,74.79341814515695
172.21099041424262,176.5263322529605,90.5002148725844,152.51603599451275,176.43648226886984,67.23765544326127
175.00412534970565,175.1406235939789,84.4080890731245,153.86851906302343,176.26974993635412,68.03682006720692
176.2294756919987,175.59485001676143,89.30640117543992,153.69152993615438,174.8568378219433,78.47449657898015
174.3834396319636,175.35005080217888,72.14518083198391,154.0158007974045,175.1833901702243,80.46725175669928
175.04437432393388,176.95542420478537,101.2067403634823,154.0742738989279,175.28669262188916,80.77115823101317
175.56807200945318,176.7322005720903,102.29628213314052,153.79029688667458,172.20305068116514,84.25826801681842
175.10580546410512,175.10865707321872,81.01301248579867,153.65781885982807,172.00151206381915,79.73586548104949
175.01546649227987,173.93984567726238,82.36605092887967,151.71347324419855,175.50416235770138,71.80816933053373
174.91297685673712,173.62573538278474,71.75479344224176,151.08823822126405,176.4097479715954,71.13202536821204
174.92821913050062,174.03962202760283,52.59789765273526,152.37778300507404,172.43981778226453,76.49012316489
174.00661115136083,174.33729884556365,70.13131623601626,147.75277994838873,176.4331095233607,73.55739325226838
170.88155293830394,177.30578703037116,100.80592100466329,147.63750832883568,174.72681644931654,77.29331773526802
170.4800034183126,176.81206444037446,90.05074504634939,147.8730388606346,174.04914299108157,79.72858183701301
170.23422238880005,176.62324972299467,87.5829081445988,148.96260871377572,171.07182930873014,82.89600432904618
170.11482926817342,176.4308844011447,82.31643066468973,148.60917887195845,171.07535045851245,82.5148645739437
170.46717816116018,176.92256352779503,91.53537553545073,148.67044926992168,171.22822591174997,81.66113458698368
171.6961788403265,177.65491601102275,95.34616826899868,147.46501860472972,173.5136443125085,80.13064518706106
173.207863926405,177.00180876472527,100.95530382508483,147.39758517999806,171.94072971876957,81.5948132732793
174.50350370049384,173.86152657521234,68.04590556896673,147.18728518688897,172.14989107113377,82.91168949265567
175.057108840672,175.59571211996288,82.25008099607359,148.51475262423838,170.78520456262865,84.91650835651446
176.17742217115503,175.66358102730945,77.8774528443078,147.43971143353983,170.80259069813482,86.70847330531166
176.82682522474758,175.24769168922825,65.51210556235695,148.18558091368942,171.92299673864247,86.31707501277813
176.00966271658828,174.4249357250369,68.18984079437868,147.61600444071675,173.6882203360976,83.24585969016849
175.60375951410057,175.05746482066922,71.11489041541965,148.3744945999039,172.27879818268548,84.53491754411688
175.57911510703312,174.9161805752433,74.06723243036163,147.5099991288429,174.11959874110502,83.768811808045
175.46329535969357,175.38738078817968,79.26384330036386,147.6518928609293,174.1256142618548,83.77833332398416
176.07768602872716,175.32169487025806,78.01450879386971,147.18619154707648,175.14105800956943,82.75996816470109
175.62992896435685,175.8529373259389,79.87139618448279,146.98771529190327,174.39657949857596,80.89941874336297
176.02903241128158,175.06322758482756,73.71936916076166,146.9562058643908,174.3947127260883,81.44891563991406
175.9612834723152,175.3852990395421,71.62990092744413,147.83154663848813,173.45339323396146,81.98327482741011
176.3295098006637,175.43344477780536,76.30049404796797,148.18588537572018,176.00027264885387,79.73631931263144
176.48520703924234,175.47830871344829,61.11658946892736,148.97883410471454,172.9236497858813,82.11125471051754
176.648789163679,176.86180635771478,79.22474471712002,149.27662780540768,173.3487210026763,80.19468385447755
176.26067403622892,176.28114664269367,70.4576770894132,148.6985411317999,173.885200372279,79.8290160258478
176.08236056852755,176.13679440028525,71.96629905548615,148.33922503432942,172.10589421754386,82.05616163690188
175.18834090029824,176.10625908395915,81.92779137644145,147.78346411283712,171.64517379982018,82.27739857267578
175.4859069964751,177.1593285995148,92.48698025659947,147.64922722140864,169.15053825489065,83.38226441459051
174.00449232805101,176.00208971891544,76.55365491969204,148.34772418708357,167.68391111293278,86.5429587049801
174.19529266844387,175.36820269377242,66.68521105131587,147.31805484675075,168.7062241032484,84.67511071118454
174.1943425557749,175.36856023244695,66.68913495822112,147.31826884130035,168.70626536028436,84.67515368018805
171.55586364460962,177.61081952768907,97.71436129601346,148.32300929108442,173.39768379338506,81.97208072129348
